-- Insert values into USERS table
INSERT INTO Users (UserID, Username, FirstName, LastName, DateOfBirth, Password, DateRegistered) VALUES
(1, 'dduester0', 'Dina', 'Duester', '2002-08-14', 'niiJCD81_|Nv7', '2015-04-13'),
(2, 'tdehoogh1', 'Tait', 'De Hoogh', '1996-07-26', 'xftEEG21\>', '2017-04-05'),
(3, 'plomasna2', 'Pepita', 'Lomasna', '1998-02-01', 'dtcIRA90,%Bq(ba', '2016-01-22'),
(4, 'bklousner3', 'Bertie', 'Klousner', '2001-01-16', 'kfgVSW55**', '2019-09-23'),
(5, 'tkenan4', 'Tilda', 'Kenan', '1997-08-30', 'jwoYIG98)}+}B', '2020-03-01'),
(6, 'bcaunt5', 'Belvia', 'Caunt', '1996-12-04', 'dsbFGT97).Wx)', '2017-09-20'),
(7, 'czorzini6', 'Calypso', 'Zorzini', '1997-02-24', 'tjaULQ24*', '2020-07-04'),
(8, 'cdwane7', 'Corinna', 'Dwane', '2009-09-17', 'rigJMF63!#{i~4', '2017-04-03'),
(9, 'pglanister8', 'Perrine', 'Glanister', '2009-12-18', 'xjvVBB37/''HE', '2019-10-04'),
(10, 'csowerbutts9', 'Ceil', 'Sowerbutts', '2004-12-29', 'jjxBPR37=', '2020-05-16'),
(11, 'alatimera', 'Adrien', 'Latimer', '2009-09-13', 'xabRYI63%{>n', '2018-03-16'),
(13, 'nfronzekc', 'Nathanial', 'Fronzek', '2001-11-06', 'yuxBUD13,''', '2015-07-16'),
(14, 'mpickeringd', 'Morgan', 'Pickering', '2000-05-13', 'fbqFLL20,>kX1', '2015-01-30'),
(15, 'shaglingtone', 'Sherye', 'Haglington', '2005-10-10', 'ydkHFT95''{', '2015-12-31'),
(16, 'msinesf', 'Mary', 'Sines', '2010-07-02', 'gwxBEH30&<)Cc0', '2018-02-20'),
(17, 'sboakeg', 'Saree', 'Boake', '1995-03-19', 'knwCUT00$$y2', '2018-12-18'),
(18, 'flukeh', 'Fiann', 'Luke', '2005-02-11', 'tppZMT77+?zGGD', '2016-07-24'),
(19, 'ddackei', 'Denice', 'Dacke', '2008-06-28', 'fvbXPU72>''Dfm_', '2018-08-08'),
(20, 'vdecourcyj', 'Valaria', 'Decourcy', '2001-11-15', 'smdUNG86>)', '2015-12-12'),
(21, 'jsilverlockk', 'Jo-ann', 'Silverlock', '1995-08-28', 'hebUMA93=/h_p}', '2019-03-11'),
(22, 'nkempshalll', 'Nicolea', 'Kempshall', '2001-06-05', 'mykDZV03?+=', '2018-02-17'),
(23, 'nastridgem', 'Nathanil', 'Astridge', '2007-04-05', 'vzxGXE39~*', '2020-07-13'),
(24, 'mriboun', 'Matthias', 'Ribou', '1997-08-01', 'icbVCG26%''shE4B', '2017-11-17'),
(25, 'bbudgeono', 'Brandy', 'Budgeon', '2009-03-30', 'uqkAOX70(!dcc3Dw', '2017-05-26'),
(26, 'ggreengrassp', 'Gib', 'Greengrass', '2010-07-06', 'wivPVS66*`x2wC<', '2018-05-06'),
(27, 'omarplesq', 'Odelle', 'Marples', '2005-12-14', 'snnTBM91.&', '2017-03-23'),
(28, 'skachellerr', 'Stacee', 'Kacheller', '2009-12-03', 'mmzYAY60!''', '2015-10-27'),
(29, 'lgradlys', 'Land', 'Gradly', '2010-01-26', 'owhGUW37+(>0f$!', '2015-01-21'),
(30, 'astrangewayt', 'Amie', 'Strangeway', '2009-10-07', 'vlfRII18`<Ih{P', '2017-08-02'),
(31, 'ftorrecillau', 'Freda', 'Torrecilla', '2010-06-16', 'wdnZCY54''>s', '2020-05-28'),
(32, 'kberntv', 'Kora', 'Bernt', '2000-11-15', 'qbuOYW16=$', '2018-10-23'),
(33, 'fbrodwayw', 'Fayth', 'Brodway', '1999-03-17', 'nwkCTV64>.', '2020-02-27'),
(34, 'cairex', 'Caitrin', 'Aire', '2008-10-31', 'ajuVTT64*?|Y)a', '2018-10-18'),
(35, 'kflawsy', 'Kyla', 'Flaws', '1995-05-02', 'cpfWUV27,+qVD', '2016-07-03'),
(36, 'kdoerfferz', 'Krisha', 'Doerffer', '1995-02-07', 'dcqMYM43/&5E>gK', '2015-04-05'),
(37, 'jjosilevich10', 'Janessa', 'Josilevich', '2001-01-12', 'vkhKMC32/(O8Uux', '2018-11-29'),
(38, 'cchrishop11', 'Cyb', 'Chrishop', '2001-10-14', 'mcsDOK11#"M7>I', '2019-12-15'),
(39, 'kgreedyer12', 'Kerianne', 'Greedyer', '1996-09-11', 'vafWRG03%>&_}', '2016-08-08'),
(40, 'ccake13', 'Caritta', 'Cake', '2009-05-24', 'vcpSYW41|\1R', '2019-07-13'),
(41, 'ipetrollo14', 'Ingeborg', 'Petrollo', '1996-05-18', 'qigALP38(`)tI|Ti', '2020-05-10'),
(42, 'mstrangeways15', 'Micky', 'Strangeways', '2008-04-22', 'jeeRNG97<|', '2017-03-15'),
(43, 'gbarlee16', 'Goldarina', 'Barlee', '2003-06-18', 'ucfWQL35/}u6<', '2019-04-14'),
(44, 'apenquet17', 'Alexandr', 'Penquet', '2005-02-12', 'nriUVV53#=', '2016-11-28'),
(45, 'eparfrey18', 'Ernie', 'Parfrey', '2004-05-18', 'utgXEE36{#', '2017-12-17'),
(46, 'agarman19', 'Anne-corinne', 'Garman', '1995-12-16', 'jpbJFM90''''XCN', '2020-11-28'),
(47, 'lbartolomieu1a', 'Lyndsie', 'Bartolomieu', '2002-04-07', 'cthZEY87@@', '2020-12-12'),
(48, 'jfindlow1b', 'Jennica', 'Findlow', '2003-05-16', 'xneGSW83"#x`yD$g', '2018-09-04'),
(49, 'wjennaroy1c', 'Wilhelmine', 'Jennaroy', '2005-02-12', 'kwlJKW89?,1?q~og', '2018-03-31'),
(50, 'mcarrane1d', 'Mathias', 'Carrane', '1995-05-18', 'tmmLCO54/?Mscv@', '2019-08-07');



-- Insert values into FRIENDS table
-- Null values are given to 'DateAdded' column when friend request is not accepted
INSERT INTO Friends (FriendID, FriendWhoAdded, FriendBeingAdded, IsAccepted, DateAdded) VALUES
(1, 27, 2, true, '2020-03-11'),
(2, 9, 18, true, '2018-11-05'),
(3, 2, 4, true, '2024-07-31'),
(4, 40, 5, false, NULL),
(5, 1, 38, true, '2016-02-10'),
(6, 1, 2, false, NULL),
(7, 8, 28, true, '2016-07-12'),
(8, 25, 41, false, NULL),
(9, 8, 33, true, '2022-11-27'),
(10, 2, 13, true, '2018-10-11'),
(11, 1, 46, true, '2017-10-03'),
(12, 32, 47, false, NULL),
(13, 24, 2, false, NULL),
(14, 26, 37, false, NULL),
(15, 6, 18, true, '2016-03-21'),
(16, 32, 18, false, NULL),
(17, 1, 14, true, '2018-07-29'),
(18, 5, 17, false, NULL),
(19, 34, 45, true, '2019-11-24'),
(20, 1, 15, false, NULL);


-- Insert values into GROUPS table
INSERT INTO Groups (GroupID, GroupName, CreatedBy, DateCreated) VALUES
(1, 'Lakin Inc', 36, '2016-12-28'),
(2, 'Dooley Group', 14, '2018-11-26'),
(3, 'Cronin, Schowalter and Cronin', 11, '2016-07-19'),
(4, 'Kutch-Schaefer', 40, '2019-01-13'),
(5, 'Auer, Baumbach and Hettinger', 18, '2018-03-10'),
(6, 'Buckridge, Kunze and Aufderhar', 6, '2019-06-09'),
(7, 'Schumm LLC', 9, '2016-04-14'),
(8, 'Kiehn, Gottlieb and Wolf', 17, '2018-07-18'),
(9, 'Senger, Schaden and Dach', 42, '2016-05-05'),
(10, 'Hermann Group', 16, '2016-09-20'),
(11, 'Vandervort-Langworth', 45, '2015-01-15'),
(12, 'Pagac, Goldner and Stokes', 23, '2015-10-31'),
(13, 'Legros, Swaniawski and Lakin', 11, '2016-07-23'),
(14, 'Collier LLC', 35, '2017-01-21'),
(15, 'Murazik-Bergnaum', 33, '2016-10-08');


-- Insert values into POSTS table
-- 'IsPublic' and 'IsOnlyForFriends' cannot both have true values
INSERT INTO Posts (PostID, PostDescription, PostedBy, GroupID, IsPublic, IsOnlyForFriends, DatePosted) VALUES
(1, 'Weekend vibes.', 4, 10, false, true, '2021-01-05'),
(2, 'Dream big', 21, 2, true, false, '2020-07-08'),
(3, 'Creating my own sunshine.', 21, 9, true, false, '2019-01-12'),
(4, 'Embracing the journey.', 4, 3, true, false, '2023-09-01'),
(5, 'Dream big', 37, 15, false, true, '2016-10-15'),
(6, 'Dream big', 30, 3, false, true, '2020-10-23'),
(7, 'Finding joy in the simple things.', 38, 10, true, false, '2018-04-30'),
(8, 'Feeling grateful today.', 13, 2, true, false, '2022-05-30'),
(9, 'Blessed and thankful.', 4, 15, true, false, '2018-05-17'),
(10, 'Creating my own sunshine.', 5, 6, false, true, '2022-03-24'),
(11, 'Life is an adventure.', 20, 5, false, true, '2022-03-28'),
(12, 'Enjoying the little things.', 22, 1, false, true, '2023-11-03'),
(13, 'Chasing dreams.', 11, 4, true, false, '2018-12-13'),
(14, 'beautiful soul.', 39, 10, true, false, '2022-01-26'),
(15, 'Check out this amazing view!', 35, 10, false, true, '2020-03-01'),
(16, 'beautiful soul.', 22, 2, true, false, '2017-10-29'),
(17, 'Blessed and thankful.', 4, 4, false, true, '2021-07-02'),
(18, 'Stay true to yourself.', 4, 2, true, false, '2016-04-22'),
(19, 'Chasing dreams.', 22, 3, true, false, '2023-04-30'),
(20, 'Creating my own sunshine.', 33, 8, false, true, '2017-08-26'),
(21, 'Good times with good friends.', 35, 1, true, false, '2016-04-14'),
(22, 'Inhale confidence', 25, 7, true, false, '2021-11-21'),
(23, 'Chasing dreams.', 3, 5, true, false, '2017-09-10'),
(24, 'Making memories.', 25, 5, true, false, '2022-09-08'),
(25, 'beautiful soul.', 19, 5, false, true, '2022-07-27');


-- Insert values into GROUP MEMBERSHIP REQUESTS table
-- Null values are given to 'DateAccepted' column when join request is not accepted
INSERT INTO GroupMembershipRequests (GroupMemberShipRequestsID, GroupID, GroupMemberUserID, IsGroupMemberShipAccepted, DateAccepted) VALUES
(1, 10, 41, true, '2017-10-05'),
(2, 15, 2, true, '2024-08-15'),
(3, 2, 14, true, '2020-03-23'),
(4, 2, 19, false, NULL),
(5, 5, 2, false, NULL),
(6, 1, 34, true, '2020-12-19'),
(7, 2, 44, false, NULL),
(8, 2, 3, true, '2021-11-19'),
(9, 3, 4, false, NULL),
(10, 1, 2, false, NULL),
(11, 11, 2, true, '2020-12-09'),
(12, 15, 44, true, '2020-10-29'),
(13, 2, 16, false, NULL),
(14, 9, 10, false, NULL),
(15, 10, 11, true, '2020-01-29');
